polarity_hidden,polarity_visible,n,hidden_polarity_total,transition_rate_within_hidden_polarity
-1,-1,440,558,0.7885304659498208
-1,0,5,558,0.008960573476702509
-1,1,113,558,0.2025089605734767
0,-1,14,50,0.28
0,0,1,50,0.02
0,1,35,50,0.7
1,-1,194,908,0.21365638766519823
1,0,8,908,0.00881057268722467
1,1,706,908,0.7775330396475771
