target,kind,activation_metric,activation_plus_length_metric,delta,n_folds
voter_help_label,classification,0.6983640958681212,0.6984760614181068,0.00011196554998560426,5
voter_hurt_label,classification,0.7247149391543989,0.7247715103091017,5.657115470281138e-05,5
voter_best_pick_vote,classification,0.7507870663890198,0.7505503431884876,-0.0002367232005322517,5
voter_signed_top_choice,classification,0.7997043513023178,0.7997702266002947,6.587529797696945e-05,5
voter_allocation,regression,0.1731460059584795,0.17310912540739593,-3.688055108358457e-05,5
voter_allocation_z,regression,0.21857571908932974,0.21853032963381308,-4.538945551665896e-05,5
voter_positive_mass,regression,0.18506100431589603,0.1848945763682909,-0.00016642794760513002,5
voter_negative_mass,regression,0.09195137152709407,0.09214049933111775,0.00018912780402367824,5
