test,mean_auc,std_auc,n_folds
hurt_from_full,0.659208233004528,0.035209737776462476,5
hurt_from_help_score_only,0.628743700844243,0.0396982547569407,5
help_from_full,0.6200442665453503,0.04575136872021084,5
help_from_hurt_score_only,0.6463089942087836,0.04565637120154952,5
neutral_from_full,0.6082754360834577,0.07381342541323599,5
neutral_from_help_score_only,0.49161722182725365,0.20352211051902439,5
neutral_from_helphurt_scores,0.5161393380551659,0.17816802564360684,5
